{"JKgR51rUUJRSfvKMmc+Ndw==":"mbr-1920x1280.jpg","n6e0alHkLosw6GOU1n92/g==":"mbr-1-1920x1280.jpg","HsX05v1+NWVr7vySut1cEA==":"mbr-1920x1276.jpg","3MeqSvNYrdI3X/rvxXX/6A==":"mbr-2-1920x1280.jpg","ddTsLs52NDGH5f1IsbUjqg==":"mbr-676x676.png","kh1n2mGjXQYgu7RUsJb4MQ==":"mbr-676x380.png","8fan8BILQ/y9A2dCcynrMw==":"mbr-676x451.jpg","nMGyaSQUW6QE4xW5i4m6vw==":"mbr-1-676x451.jpg","oBThPW+kuSRiIeqxBWT4Ig==":"mbr-676x436.jpg","Se9yYY1szw/lKp5GcR474A==":"mbr-1920x1237.jpg","sWK5Bbz9A1XCTdxSi1xwOA==":"mbr-2-676x451.jpg","dVideE+D0qwytUZCNh37qg==":"mbr-676x507.jpg","ZBwFaxJTXEMv5DviUDAyDA==":"mbr-3-676x451.jpg","hbsG34+eHU2lyS64a9ul2A==":"mbr-4-676x451.jpg","38H7ynOfEXVVRXQ6xcp85A==":"mbr-5-676x451.jpg","r4NQR08U2heySyd8mfMipg==":"mbr-3-1920x1280.jpg","LeM8fI+j4jpfohVTkOc1xw==":"mbr-4-1920x1280.jpg","ebbd1WhZlIeJgcKjzP3JQw==":"mbr-122x122.png","LT/DPNTEvLRI7jULWnnxvA==":"mbr-1920x1366.jpg","ij+gEkYsgSX9A7hkUf4GKw==":"mbr-5-1920x1280.jpg","xAUXlh31sAyM63us7BWrCw==":"mbr-1920x1237.jpeg","K5u4H4OhxvYIQotsJanwbw==":"mbr-900x600.jpg","Q8yevNTOn/tZ7JXqK0qDCg==":"mbr-676x478.jpg","RgX4fvy8oJ3CORqOAXhC2g==":"mbr-676x491.jpg","upCwAN/QXdmPudgf4ONfVg==":"mbr-6-676x451.jpg","MOct23BpPiroHuQxX0ktVw==":"mbr-676x449.jpg","EE5hPY5G2aWfgx/to7bQpA==":"mbr-676x450.jpg","pN/4Rm7l00X//B6ZZzM9pA==":"mbr-7-676x451.jpg","tsNI/tC6hQxwXK1qOOvrVA==":"mbr-8-676x451.jpg","BfU0dlAYNkBaF/LIBVanaQ==":"mbr-676x446.jpg","xUr8qVHiDHLlC3nLHJ7grQ==":"mbr-6-1920x1280.jpg","25VdeDq/4zUtuzBcadXxDg==":"mbr-1920x1275.jpg","JmJJkCLai45fVSN7j1dS7Q==":"mbr-1-676x449.jpg","X7Afjcb0SwUpLTt3jQU1sA==":"logo-96x86.png","pa5Dkwo/T1qgW/t0h+fQvA==":"background5.jpg","UAc7kepzJPkrSn4uqTRvmw==":"background4.jpg"}